time,axis,value
1506.298956155777,x,-0.0367279052734375
1509.3041360378265,x,-0.3361663818359375
1512.3094670772552,x,-0.056365966796875
1515.315175294876,x,-0.1694183349609375
1518.3199450969696,x,-0.1314849853515625
1521.3240840435028,x,0.0598297119140625
1524.329087972641,x,0.023681640625
1527.3331651687622,x,-0.1168670654296875
1530.3377232551575,x,0.0936126708984375
1533.343504190445,x,-0.0412750244140625
1504.2961180210114,y,-0.2607421875
1507.3009011745453,y,-0.3316192626953125
1510.3059270381927,y,-0.166259765625
1513.3112421035767,y,-0.24102783203125
1516.316637992859,y,-0.1945648193359375
1519.3208861351013,y,-0.1431427001953125
1522.3256351947784,y,-0.2716827392578125
1525.329694032669,y,-0.1209869384765625
1528.335065126419,y,-0.1510467529296875
1531.339956998825,y,-0.1650390625
1505.2978460788727,z,-0.9748077392578125
1508.3026790618896,z,-0.9391937255859375
1511.3075261116028,z,-1.046966552734375
1514.3129241466522,z,-0.90924072265625
1517.3184592723846,z,-0.8734588623046875
1520.3226590156555,z,-0.98150634765625
1523.3274302482605,z,-1.1085968017578125
1526.3316531181335,z,-1.1175537109375
1529.3360750675201,z,-0.922393798828125
1532.3419361114502,z,-0.9777984619140625
